Id,Type,Date,Days,Time,Building,Room,Professor,SeatsOpen,TotalSeats,ID
,FI,12/05/2016,M,11:30a-2:29p,TBA,TBA,,,,5
,FI,12/07/2016,W,11:30a-2:29p,TBA,TBA,,,,6
,FI,12/08/2016,Th,8:00a-10:59a,TBA,TBA,,,,7
,FI,12/08/2016,Th,3:00p-5:59p,TBA,TBA,,,,8
,FI,12/07/2016,W,3:00p-5:59p,TBA,TBA,,,,9
,FI,12/06/2016,Tu,11:30a-2:29p,TBA,TBA,,,,10
,FI,12/06/2016,Tu,8:00a-10:59a,TBA,TBA,,,,11
,FI,12/06/2016,Tu,11:30a-2:29p,TBA,TBA,,,,12
,FI,12/08/2016,Th,3:00p-5:59p,TBA,TBA,,,,14
,FI,12/07/2016,W,8:00a-10:59a,TBA,TBA,,,,18
,FI,12/09/2016,F,8:00a-10:59a,TBA,TBA,,,,19
,FI,12/06/2016,Tu,11:30a-2:29p,TBA,TBA,,,,20
,FI,12/07/2016,W,3:00p-5:59p,TBA,TBA,,,,21
,FI,12/07/2016,W,11:30a-2:29p,TBA,TBA,,,,23
,FI,12/07/2016,W,8:00a-10:59a,TBA,TBA,,,,25
,FI,12/07/2016,W,11:30a-2:29p,TBA,TBA,,,,29
,FI,12/08/2016,Th,8:00a-10:59a,TBA,TBA,,,,31
,FI,12/08/2016,Th,3:00p-5:59p,TBA,TBA,,,,35
,FI,12/08/2016,Th,3:00p-5:59p,TBA,TBA,,,,36
,FI,12/05/2016,M,3:00p-5:59p,TBA,TBA,,,,38
,FI,12/07/2016,W,11:30a-2:29p,TBA,TBA,,,,41
,FI,12/06/2016,Tu,3:00p-5:59p,TBA,TBA,,,,42
,FI,12/09/2016,F,11:30a-2:29p,TBA,TBA,,,,43
,FI,12/05/2016,M,3:00p-5:59p,TBA,TBA,,,,45
,FI,12/07/2016,W,3:00p-5:59p,TBA,TBA,,,,47
,FI,12/06/2016,Tu,8:00a-10:59a,TBA,TBA,,,,49
,MI,10/20/2016,Th,8:00p-9:50p,YORK,2722,,,,50
,MI,11/17/2016,Th,8:00p-9:50p,GH,242,,,,50
,FI,12/05/2016,M,3:00p-5:59p,TBA,TBA,,,,50
,MI,10/27/2016,Th,8:00p-9:50p,GH,242,,,,51
,FI,12/08/2016,Th,7:00p-9:59p,TBA,TBA,,,,51
,FI,12/08/2016,Th,8:00a-10:59a,TBA,TBA,,,,55
,FI,12/06/2016,Tu,3:00p-5:59p,TBA,TBA,,,,56
,FI,12/09/2016,F,11:30a-2:29p,TBA,TBA,,,,57
,MI,10/26/2016,W,8:00p-9:50p,GH,242,,,,58
,FI,12/05/2016,M,7:00p-9:59p,TBA,TBA,,,,58
,FI,12/09/2016,F,8:00a-10:59a,TBA,TBA,,,,59
,FI,12/06/2016,Tu,8:00a-10:59a,TBA,TBA,,,,60
,FI,12/06/2016,Tu,11:30a-2:29p,TBA,TBA,,,,62
,MI,10/26/2016,W,8:00p-9:50p,PETER,108,,,,63
,FI,12/06/2016,Tu,3:00p-5:59p,TBA,TBA,,,,63
,FI,12/08/2016,Th,3:00p-5:59p,TBA,TBA,,,,64
,FI,12/06/2016,Tu,8:00a-10:59a,TBA,TBA,,,,65
,FI,12/08/2016,Th,3:00p-5:59p,TBA,TBA,,,,66
,MI,10/28/2016,F,8:00p-9:50p,SOLIS,107,,,,67
,FI,12/03/2016,S,11:30a-2:29p,TBA,TBA,,,,67
,MI,10/28/2016,F,8:00p-9:50p,GH,242,,,,68
,FI,12/03/2016,S,11:30a-2:29p,TBA,TBA,,,,68
,FI,12/07/2016,W,11:30a-2:29p,TBA,TBA,,,,69
,FI,12/08/2016,Th,3:00p-5:59p,TBA,TBA,,,,70
,FI,12/08/2016,Th,7:00p-9:59p,TBA,TBA,,,,71
,FI,12/08/2016,Th,3:00p-5:59p,TBA,TBA,,,,72
,FI,12/06/2016,Tu,7:00p-9:59p,TBA,TBA,,,,73
,FI,12/07/2016,W,11:30a-2:29p,TBA,TBA,,,,77
,FI,12/05/2016,M,3:00p-5:59p,TBA,TBA,,,,78
,FI,12/07/2016,W,3:00p-5:59p,TBA,TBA,,,,85
,FI,12/08/2016,Th,7:00p-9:59p,TBA,TBA,,,,86
,MI,10/27/2016,Th,8:00p-9:20p,SOLIS,107,,,,89
,FI,12/09/2016,F,3:00p-5:59p,TBA,TBA,,,,89
,FI,12/09/2016,F,8:00a-10:59a,TBA,TBA,,,,90
,FI,12/05/2016,M,11:30a-2:29p,TBA,TBA,,,,91
,FI,12/09/2016,F,7:00p-9:59p,TBA,TBA,,,,94
,MI,10/19/2016,W,7:00p-8:50p,PETER,110,,,,95
,MI,11/16/2016,W,7:00p-8:50p,PETER,110,,,,95
,FI,12/06/2016,Tu,8:00a-10:59a,TBA,TBA,,,,95
,FI,12/06/2016,Tu,3:00p-5:59p,TBA,TBA,,,,96
,FI,12/08/2016,Th,11:30a-2:29p,TBA,TBA,,,,97
,FI,12/08/2016,Th,3:00p-5:59p,TBA,TBA,,,,98
,FI,12/05/2016,M,8:00a-10:59a,TBA,TBA,,,,99
,FI,12/07/2016,W,8:00a-10:59a,TBA,TBA,,,,104
,FI,12/09/2016,F,8:00a-10:59a,TBA,TBA,,,,105
,FI,12/09/2016,F,11:30a-2:29p,TBA,TBA,,,,106
,FI,12/05/2016,M,3:00p-5:59p,TBA,TBA,,,,107
,FI,12/10/2016,S,11:30a-2:29p,TBA,TBA,,,,108
,FI,12/07/2016,W,11:30a-2:29p,TBA,TBA,,,,116
,FI,12/09/2016,F,11:30a-2:29p,TBA,TBA,,,,118
,FI,12/08/2016,Th,3:00p-5:59p,TBA,TBA,,,,119
,FI,12/08/2016,Th,8:00a-10:59a,TBA,TBA,,,,120
,FI,12/10/2016,S,11:30a-2:29p,TBA,TBA,,,,123
,FI,12/05/2016,M,8:00a-10:59a,TBA,TBA,,,,124
,MI,10/29/2016,S,9:00a-10:50a,WLH,2001,,,,125
,FI,12/08/2016,Th,11:30a-2:29p,TBA,TBA,,,,125
,MI,10/29/2016,S,9:00a-10:50a,YORK,2722,,,,126
,FI,12/06/2016,Tu,11:30a-2:29p,TBA,TBA,,,,126
,MI,10/22/2016,S,9:00a-10:50a,YORK,2722,,,,127
,MI,11/19/2016,S,9:00a-10:50a,YORK,2722,,,,127
,FI,12/07/2016,W,8:00a-10:59a,TBA,TBA,,,,127
,MI,10/29/2016,S,9:00a-10:50a,GH,242,,,,128
,FI,12/09/2016,F,8:00a-10:59a,TBA,TBA,,,,128
,MI,10/29/2016,S,9:00a-10:50a,PETER,108,,,,129
,FI,12/06/2016,Tu,11:30a-2:29p,TBA,TBA,,,,129
,MI,10/24/2016,M,8:00p-9:50p,GH,242,,,,130
,MI,11/21/2016,M,8:00p-9:50p,GH,242,,,,130
,FI,12/09/2016,F,11:30a-2:29p,TBA,TBA,,,,130
,MI,10/29/2016,S,12:00p-1:50p,GH,242,,,,131
,FI,12/06/2016,Tu,8:00a-10:59a,TBA,TBA,,,,131
,MI,10/29/2016,S,1:00p-2:50p,PETER,108,,,,132
,FI,12/05/2016,M,8:00a-10:59a,TBA,TBA,,,,132
,MI,10/13/2016,Th,7:00p-7:50p,PCYNH,109,,,,133
,MI,10/27/2016,Th,7:00p-7:50p,PCYNH,109,,,,133
,MI,11/10/2016,Th,7:00p-7:50p,PCYNH,109,,,,133
,FI,12/07/2016,W,11:30a-2:29p,TBA,TBA,,,,133
,MI,10/22/2016,S,12:00p-1:50p,GH,242,,,,134
,MI,11/12/2016,S,12:00p-1:50p,GH,242,,,,134
,FI,12/08/2016,Th,8:00a-10:59a,TBA,TBA,,,,134
,MI,10/22/2016,S,3:00p-4:50p,GH,242,,,,135
,MI,11/12/2016,S,3:00p-4:50p,GH,242,,,,135
,FI,12/09/2016,F,11:30a-2:29p,TBA,TBA,,,,135
,FI,12/08/2016,Th,8:00a-10:59a,TBA,TBA,,,,138
,FI,12/05/2016,M,3:00p-5:59p,TBA,TBA,,,,140
,FI,12/08/2016,Th,7:00p-9:59p,TBA,TBA,,,,141
,FI,12/06/2016,Tu,3:00p-5:59p,TBA,TBA,,,,142
,FI,12/05/2016,M,3:00p-5:59p,TBA,TBA,,,,145
,FI,12/09/2016,F,7:00p-9:59p,TBA,TBA,,,,146
,FI,12/05/2016,M,3:00p-5:59p,TBA,TBA,,,,147
,MI,10/26/2016,W,7:00p-9:20p,CSB,001,,,,148
,MI,11/21/2016,M,7:00p-9:20p,CSB,001,,,,148
,FI,12/09/2016,F,7:00p-9:59p,TBA,TBA,,,,148
,MI,10/31/2016,M,7:00p-8:50p,PCYNH,106,,,,149
,FI,12/05/2016,M,8:00a-10:59a,TBA,TBA,,,,149
,FI,12/06/2016,Tu,8:00a-10:59a,TBA,TBA,,,,150
,FI,12/08/2016,Th,8:00a-10:59a,TBA,TBA,,,,151
,FI,12/09/2016,F,7:00p-9:59p,TBA,TBA,,,,152
,FI,12/07/2016,W,3:00p-5:59p,TBA,TBA,,,,153
,FI,12/06/2016,Tu,8:00a-10:59a,TBA,TBA,,,,154
,MI,10/22/2016,S,9:00a-10:50a,GH,242,,,,155
,MI,11/19/2016,S,9:00a-10:50a,GH,242,,,,155
,FI,12/07/2016,W,8:00a-10:59a,TBA,TBA,,,,155
,FI,12/05/2016,M,11:30a-2:29p,TBA,TBA,,,,156
,FI,12/07/2016,W,7:00p-9:59p,TBA,TBA,,,,157
,FI,12/06/2016,Tu,7:00p-9:59p,TBA,TBA,,,,158
,FI,12/09/2016,F,11:30a-2:29p,TBA,TBA,,,,160
,FI,12/09/2016,F,7:00p-9:59p,TBA,TBA,,,,161
,FI,12/06/2016,Tu,8:00a-10:59a,TBA,TBA,,,,162
,FI,12/08/2016,Th,8:00a-10:59a,TBA,TBA,,,,165
,FI,12/07/2016,W,11:30a-2:29p,TBA,TBA,,,,166
,FI,12/07/2016,W,11:30a-2:29p,TBA,TBA,,,,167
,FI,12/07/2016,W,11:30a-2:29p,TBA,TBA,,,,168
,FI,12/08/2016,Th,3:00p-5:59p,TBA,TBA,,,,169
,FI,12/05/2016,M,3:00p-5:59p,TBA,TBA,,,,170
,FI,12/08/2016,Th,3:00p-5:59p,TBA,TBA,,,,171
,FI,12/05/2016,M,3:00p-5:59p,TBA,TBA,,,,172
,FI,12/08/2016,Th,8:00a-10:59a,TBA,TBA,,,,173
,FI,12/08/2016,Th,3:00p-5:59p,TBA,TBA,,,,174
,FI,12/07/2016,W,11:30a-2:29p,TBA,TBA,,,,175
,FI,12/09/2016,F,11:30a-2:29p,TBA,TBA,,,,176
,FI,12/08/2016,Th,3:00p-5:59p,TBA,TBA,,,,178
,FI,12/09/2016,F,11:30a-2:29p,TBA,TBA,,,,179
,FI,12/08/2016,Th,3:00p-5:59p,TBA,TBA,,,,180
,FI,12/08/2016,Th,8:00a-10:59a,TBA,TBA,,,,184
,FI,12/09/2016,F,11:30a-2:29p,TBA,TBA,,,,185
,FI,12/07/2016,W,11:30a-12:20p,TBA,TBA,,,,186
,FI,12/05/2016,M,3:00p-5:59p,TBA,TBA,,,,187
,FI,12/05/2016,M,3:00p-5:59p,TBA,TBA,,,,188
,FI,12/07/2016,W,3:00p-5:59p,TBA,TBA,,,,189
,FI,12/09/2016,F,8:00a-10:59a,TBA,TBA,,,,190
,FI,12/08/2016,Th,3:00p-5:59p,TBA,TBA,,,,191
,FI,12/09/2016,F,8:00a-10:59a,TBA,TBA,,,,195
,FI,12/08/2016,Th,3:00p-5:59p,TBA,TBA,,,,197
,FI,12/07/2016,W,8:00a-10:59a,TBA,TBA,,,,198
,FI,12/07/2016,W,11:30a-2:29p,TBA,TBA,,,,199
,FI,12/09/2016,F,11:30a-2:29p,TBA,TBA,,,,201
,FI,12/06/2016,Tu,8:00a-10:59a,TBA,TBA,,,,202
,FI,12/06/2016,Tu,11:30a-2:29p,TBA,TBA,,,,204
,FI,12/09/2016,F,8:00a-10:59a,TBA,TBA,,,,206
,FI,12/07/2016,W,3:00p-5:59p,TBA,TBA,,,,207
,FI,12/07/2016,W,8:00a-10:59a,TBA,TBA,,,,208
,FI,12/07/2016,W,3:00p-5:59p,TBA,TBA,,,,224
,FI,12/09/2016,F,11:30a-2:29p,TBA,TBA,,,,225
,FI,12/09/2016,F,7:00p-9:59p,TBA,TBA,,,,226
,FI,12/09/2016,F,11:30a-2:29p,TBA,TBA,,,,227
,FI,12/09/2016,F,7:00p-9:59p,TBA,TBA,,,,230
,FI,12/08/2016,Th,7:00p-9:59p,TBA,TBA,,,,232
,FI,12/06/2016,Tu,11:30a-2:29p,TBA,TBA,,,,233
,FI,12/09/2016,F,8:00a-10:59a,TBA,TBA,,,,234
,FI,12/08/2016,Th,11:30a-2:29p,TBA,TBA,,,,235
,FI,12/09/2016,F,8:00a-10:59a,TBA,TBA,,,,236
,FI,12/06/2016,Tu,3:00p-5:59p,TBA,TBA,,,,237
,FI,12/07/2016,W,11:30a-2:29p,TBA,TBA,,,,238
,FI,12/08/2016,Th,7:00p-9:59p,TBA,TBA,,,,239
,FI,12/08/2016,Th,3:00p-5:59p,TBA,TBA,,,,240
,FI,12/07/2016,W,11:30a-2:29p,TBA,TBA,,,,241
,FI,12/05/2016,M,3:00p-5:59p,TBA,TBA,,,,242
,FI,12/08/2016,Th,8:00a-10:59a,TBA,TBA,,,,243
,FI,12/08/2016,Th,3:00p-5:59p,TBA,TBA,,,,244
,FI,12/08/2016,Th,7:00p-9:59p,TBA,TBA,,,,245
,FI,12/08/2016,Th,11:30a-2:29p,TBA,TBA,,,,246
,FI,12/07/2016,W,8:00a-10:59a,TBA,TBA,,,,247
,FI,12/06/2016,Tu,11:30a-2:29p,TBA,TBA,,,,282
,FI,12/05/2016,M,11:30a-2:29p,TBA,TBA,,,,283
,FI,12/07/2016,W,8:00a-10:59a,TBA,TBA,,,,284
,FI,12/06/2016,Tu,8:00a-10:59a,TBA,TBA,,,,285
,FI,12/07/2016,W,3:00p-5:59p,TBA,TBA,,,,286
,FI,12/09/2016,F,3:00p-5:59p,TBA,TBA,,,,287
,FI,12/05/2016,M,8:00a-10:59a,TBA,TBA,,,,288
,FI,12/06/2016,Tu,8:00a-10:59a,TBA,TBA,,,,289
,FI,12/09/2016,F,11:30a-2:29p,TBA,TBA,,,,290
,FI,12/05/2016,M,3:00p-5:59p,TBA,TBA,,,,291
,FI,12/09/2016,F,7:00p-9:59p,TBA,TBA,,,,292
,FI,12/08/2016,Th,11:30a-2:29p,TBA,TBA,,,,293
,FI,12/09/2016,F,3:00p-5:59p,TBA,TBA,,,,294
,FI,12/06/2016,Tu,7:00p-9:59p,TBA,TBA,,,,295
,FI,12/06/2016,Tu,3:00p-5:59p,TBA,TBA,,,,296
,FI,12/09/2016,F,8:00a-10:59a,TBA,TBA,,,,297
,FI,12/06/2016,Tu,11:30a-2:29p,TBA,TBA,,,,298
,FI,12/05/2016,M,8:00a-10:59a,TBA,TBA,,,,299
,FI,12/07/2016,W,8:00a-10:59a,TBA,TBA,,,,300
,FI,12/03/2016,S,8:00a-10:59a,TBA,TBA,,,,301
,FI,12/03/2016,S,8:00a-10:59a,TBA,TBA,,,,302
,FI,12/03/2016,S,8:00a-10:50a,TBA,TBA,,,,306
,FI,12/03/2016,S,8:00a-10:59a,TBA,TBA,,,,307
,FI,12/03/2016,S,8:00a-10:59a,TBA,TBA,,,,308
,FI,12/05/2016,M,11:30a-2:29p,TBA,TBA,,,,309
,FI,12/08/2016,Th,7:00p-9:59p,TBA,TBA,,,,310
,FI,12/07/2016,W,7:00p-9:59p,TBA,TBA,,,,311
,FI,12/05/2016,M,8:00a-10:59a,TBA,TBA,,,,312
,FI,12/08/2016,Th,8:00a-10:59a,TBA,TBA,,,,313
,FI,12/07/2016,W,8:00a-10:59a,TBA,TBA,,,,314
,FI,12/05/2016,M,7:00p-9:59p,TBA,TBA,,,,315
,FI,12/09/2016,F,3:00p-5:59p,TBA,TBA,,,,316
,FI,12/06/2016,Tu,8:00a-10:59a,TBA,TBA,,,,318
,FI,12/09/2016,F,7:00p-9:59p,TBA,TBA,,,,319
,FI,12/09/2016,F,8:00a-10:59a,TBA,TBA,,,,321
,FI,12/07/2016,W,11:30a-2:29p,TBA,TBA,,,,322
,FI,12/07/2016,W,3:00p-5:59p,TBA,TBA,,,,323
,FI,12/09/2016,F,3:00p-5:59p,TBA,TBA,,,,324
,FI,12/09/2016,F,7:00p-9:59p,TBA,TBA,,,,325
,FI,12/05/2016,M,3:00p-5:59p,TBA,TBA,,,,326
,FI,12/08/2016,Th,7:00p-9:59p,TBA,TBA,,,,327
,FI,12/08/2016,Th,3:00p-5:59p,TBA,TBA,,,,328
,FI,12/07/2016,W,8:00a-10:59a,TBA,TBA,,,,329
,FI,12/07/2016,W,8:00a-10:59a,TBA,TBA,,,,330
,FI,12/07/2016,W,8:00a-10:59a,TBA,TBA,,,,331
,FI,12/08/2016,Th,3:00p-5:59p,TBA,TBA,,,,332
,FI,12/09/2016,F,11:30a-2:29p,TBA,TBA,,,,333
,FI,12/06/2016,Tu,8:00a-10:59a,TBA,TBA,,,,334
,FI,12/06/2016,Tu,8:00a-10:59a,TBA,TBA,,,,335
,FI,12/06/2016,Tu,3:00p-5:59p,TBA,TBA,,,,336
,FI,12/09/2016,F,8:00a-10:59a,TBA,TBA,,,,337
,FI,12/06/2016,Tu,11:30a-2:29p,TBA,TBA,,,,340
,FI,12/05/2016,M,11:30a-2:29p,TBA,TBA,,,,341
,FI,12/07/2016,W,3:00p-5:59p,TBA,TBA,,,,342
,FI,12/06/2016,Tu,11:30a-2:29p,TBA,TBA,,,,343
,FI,12/07/2016,W,3:00p-5:59p,TBA,TBA,,,,344
,FI,12/06/2016,Tu,8:00a-10:59a,TBA,TBA,,,,345
,FI,12/08/2016,Th,3:00p-5:59p,TBA,TBA,,,,346
,FI,12/09/2016,F,11:30a-2:29p,TBA,TBA,,,,347
,FI,12/08/2016,Th,8:00a-10:59a,TBA,TBA,,,,348
,FI,12/09/2016,F,11:30a-2:29p,TBA,TBA,,,,349
,FI,12/09/2016,F,11:30a-2:29p,TBA,TBA,,,,350
,FI,12/08/2016,Th,3:00p-5:59p,TBA,TBA,,,,351
,FI,12/05/2016,M,3:00p-5:59p,TBA,TBA,,,,352
,FI,12/09/2016,F,8:00a-10:59a,TBA,TBA,,,,354
,FI,12/06/2016,Tu,8:00a-10:59a,TBA,TBA,,,,355
,FI,12/08/2016,Th,8:00a-10:59a,TBA,TBA,,,,356
,FI,12/09/2016,F,7:00p-9:59p,TBA,TBA,,,,358
,FI,12/05/2016,M,3:00p-5:59p,TBA,TBA,,,,359
,FI,12/05/2016,M,11:30a-2:29p,TBA,TBA,,,,360
,FI,12/05/2016,M,8:00a-10:59a,TBA,TBA,,,,361
,FI,12/05/2016,M,3:00p-5:59p,TBA,TBA,,,,362
,FI,12/08/2016,Th,8:00a-10:59a,TBA,TBA,,,,363
,MU,09/30/2016,F,5:00p-6:20p,CSB,002,,,,363
,FI,12/08/2016,Th,8:00a-10:59a,TBA,TBA,,,,364
,FI,12/05/2016,M,3:00p-5:59p,TBA,TBA,,,,365
,FI,12/05/2016,M,8:00a-10:59a,TBA,TBA,,,,367
,FI,12/05/2016,M,3:00p-5:59p,TBA,TBA,,,,368
,FI,12/07/2016,W,11:30a-2:29p,TBA,TBA,,,,369
,FI,12/07/2016,W,11:30a-2:29p,TBA,TBA,,,,370
,FI,12/09/2016,F,7:00p-9:59p,TBA,TBA,,,,371
,FI,12/08/2016,Th,3:00p-5:59p,TBA,TBA,,,,376
,FI,12/07/2016,W,8:00a-10:59a,TBA,TBA,,,,382
,FI,12/09/2016,F,8:00a-10:59a,TBA,TBA,,,,383
,FI,12/06/2016,Tu,11:30a-2:29p,TBA,TBA,,,,384
,FI,12/05/2016,M,11:30a-2:29p,TBA,TBA,,,,385
,FI,12/05/2016,M,7:00p-9:59p,TBA,TBA,,,,386
,FI,12/06/2016,Tu,7:00p-9:59p,TBA,TBA,,,,387
,MI,10/19/2016,W,8:00p-8:50p,GH,242,,,,388
,MI,11/16/2016,W,8:00p-8:50p,GH,242,,,,388
,FI,12/08/2016,Th,11:30a-2:29p,TBA,TBA,,,,388
,MI,10/19/2016,W,8:00p-8:50p,TBA,TBA,,,,389
,MI,11/16/2016,W,8:00p-8:50p,TBA,TBA,,,,389
,FI,12/05/2016,M,11:30a-2:29p,TBA,TBA,,,,389
,FI,12/08/2016,Th,7:00p-9:59p,TBA,TBA,,,,390
,FI,12/06/2016,Tu,8:00a-10:59a,TBA,TBA,,,,391
,FI,12/08/2016,Th,8:00a-10:59a,TBA,TBA,,,,392
,FI,12/07/2016,W,11:30a-2:29p,TBA,TBA,,,,393
,FI,12/06/2016,Tu,7:00p-9:59p,TBA,TBA,,,,394
,FI,12/08/2016,Th,3:00p-5:59p,TBA,TBA,,,,395
,MI,10/24/2016,M,8:00p-9:20p,PETER,108,,,,396
,MI,11/15/2016,Tu,8:00p-9:20p,GH,242,,,,396
,FI,12/07/2016,W,8:00a-10:59a,TBA,TBA,,,,396
,MI,10/24/2016,M,8:00p-9:20p,TBA,TBA,,,,397
,MI,11/15/2016,Tu,8:00p-9:20p,TBA,TBA,,,,397
,FI,12/09/2016,F,8:00a-10:59a,TBA,TBA,,,,397
,FI,12/09/2016,F,3:00p-5:59p,TBA,TBA,,,,398
,MI,10/21/2016,F,7:00p-8:20p,LEDDN,AUD,,,,399
,MI,11/14/2016,M,7:00p-8:20p,LEDDN,AUD,,,,399
,FI,12/05/2016,M,11:30a-2:29p,TBA,TBA,,,,399
,FI,12/08/2016,Th,8:00a-10:59a,TBA,TBA,,,,400
,FI,12/08/2016,Th,3:00p-5:59p,TBA,TBA,,,,401
,FI,12/08/2016,Th,7:00p-9:59p,TBA,TBA,,,,402
,FI,12/05/2016,M,7:00p-9:59p,TBA,TBA,,,,403
,FI,12/08/2016,Th,8:00a-10:59a,TBA,TBA,,,,404
,FI,12/05/2016,M,8:00a-10:59a,TBA,TBA,,,,405
,FI,12/07/2016,W,8:00a-10:59a,TBA,TBA,,,,406
,FI,12/08/2016,Th,11:30a-2:29p,TBA,TBA,,,,407
,FI,12/07/2016,W,3:00p-5:59p,TBA,TBA,,,,408
,FI,12/09/2016,F,7:00p-9:59p,TBA,TBA,,,,409
,FI,12/09/2016,F,11:30a-2:29p,TBA,TBA,,,,410
,FI,12/05/2016,M,3:00p-5:59p,TBA,TBA,,,,411
,FI,12/07/2016,W,11:30a-2:29p,TBA,TBA,,,,412
,FI,12/09/2016,F,3:00p-5:59p,TBA,TBA,,,,413
,MI,10/14/2016,F,7:00p-8:20p,GH,242,,,,414
,MI,11/07/2016,M,8:00p-9:20p,GH,242,,,,414
,FI,12/07/2016,W,3:00p-5:59p,TBA,TBA,,,,414
,MI,10/14/2016,F,7:00p-8:20p,TBA,TBA,,,,415
,MI,11/07/2016,M,8:00p-9:20p,TBA,TBA,,,,415
,FI,12/09/2016,F,3:00p-5:59p,TBA,TBA,,,,415
,MI,10/17/2016,M,7:00p-8:20p,LEDDN,AUD,,,,416
,MI,11/09/2016,W,7:00p-8:20p,LEDDN,AUD,,,,416
,FI,12/08/2016,Th,11:30a-2:29p,TBA,TBA,,,,416
,FI,12/09/2016,F,11:30a-2:29p,TBA,TBA,,,,417
,FI,12/08/2016,Th,3:00p-5:59p,TBA,TBA,,,,418
,FI,12/09/2016,F,11:30a-2:29p,TBA,TBA,,,,419
,FI,12/09/2016,F,3:00p-5:59p,TBA,TBA,,,,420
,FI,12/09/2016,F,8:00a-10:59a,TBA,TBA,,,,421
,FI,12/05/2016,M,3:00p-5:59p,TBA,TBA,,,,424
,FI,12/07/2016,W,11:30a-2:29p,TBA,TBA,,,,428
,FI,12/09/2016,F,7:00p-9:59p,TBA,TBA,,,,429
,FI,12/08/2016,Th,7:00p-9:59p,TBA,TBA,,,,431
,FI,12/06/2016,Tu,8:00a-10:59a,TBA,TBA,,,,432
,FI,12/08/2016,Th,8:00a-10:59a,TBA,TBA,,,,447
,FI,12/09/2016,F,11:30a-2:29p,TBA,TBA,,,,461
,FI,12/05/2016,M,11:30a-2:29p,TBA,TBA,,,,462
,FI,12/09/2016,F,7:00p-9:59p,TBA,TBA,,,,464
,FI,12/05/2016,M,3:00p-5:59p,TBA,TBA,,,,465
,FI,12/09/2016,F,11:30a-2:29p,TBA,TBA,,,,466
,FI,12/07/2016,W,3:00p-5:59p,TBA,TBA,,,,467
,FI,12/08/2016,Th,11:30a-2:29p,TBA,TBA,,,,468
,FI,12/08/2016,Th,3:00p-5:59p,TBA,TBA,,,,469
,FI,12/08/2016,Th,7:00p-9:59p,TBA,TBA,,,,470
,FI,12/05/2016,M,3:00p-5:59p,TBA,TBA,,,,471
,FI,12/08/2016,Th,7:00p-9:59p,TBA,TBA,,,,473
,FI,12/09/2016,F,11:30a-2:29p,TBA,TBA,,,,474
,FI,12/08/2016,Th,8:00a-10:59a,TBA,TBA,,,,475
,FI,12/06/2016,Tu,7:00p-9:59p,TBA,TBA,,,,476
,FI,12/07/2016,W,11:30a-2:29p,TBA,TBA,,,,482
,FI,12/07/2016,W,11:30a-2:29p,TBA,TBA,,,,483
,FI,12/06/2016,Tu,8:00a-10:59a,TBA,TBA,,,,484
,FI,12/09/2016,F,7:00p-9:59p,TBA,TBA,,,,485
,FI,12/07/2016,W,11:30a-2:29p,TBA,TBA,,,,487
,FI,12/05/2016,M,11:30a-2:29p,TBA,TBA,,,,495
,FI,12/07/2016,W,11:30a-2:29p,TBA,TBA,,,,496
,FI,12/08/2016,Th,3:00p-5:59p,TBA,TBA,,,,497
,FI,12/05/2016,M,3:00p-5:59p,TBA,TBA,,,,498
,FI,12/07/2016,W,11:30a-2:29p,TBA,TBA,,,,500
,FI,12/08/2016,Th,7:00p-9:59p,TBA,TBA,,,,501
,FI,12/05/2016,M,11:30a-2:29p,TBA,TBA,,,,503
,FI,12/07/2016,W,8:00a-10:59a,TBA,TBA,,,,504
,FI,12/06/2016,Tu,7:00p-9:59p,TBA,TBA,,,,505
,FI,12/08/2016,Th,3:00p-5:59p,TBA,TBA,,,,506
,FI,12/06/2016,Tu,11:30a-2:29p,TBA,TBA,,,,507
,FI,12/08/2016,Th,8:00a-10:59a,TBA,TBA,,,,508
,FI,12/06/2016,Tu,11:30a-2:29p,TBA,TBA,,,,509
,FI,12/07/2016,W,3:00p-5:59p,TBA,TBA,,,,510
,FI,12/08/2016,Th,11:30a-2:29p,TBA,TBA,,,,511
,FI,12/09/2016,F,8:00a-10:59a,TBA,TBA,,,,515
,FI,12/10/2016,S,8:00a-10:59a,TBA,TBA,,,,517
,FI,12/09/2016,F,11:30a-2:29p,TBA,TBA,,,,518
,FI,12/06/2016,Tu,8:00a-10:59a,TBA,TBA,,,,519
,FI,12/09/2016,F,3:00p-5:59p,TBA,TBA,,,,520
,FI,12/05/2016,M,3:00p-5:59p,TBA,TBA,,,,521
,FI,12/06/2016,Tu,11:30a-2:29p,TBA,TBA,,,,524
,FI,12/09/2016,F,11:30a-2:29p,TBA,TBA,,,,525
,FI,12/06/2016,Tu,11:30a-2:29p,TBA,TBA,,,,528
,FI,12/08/2016,Th,8:00a-10:59a,TBA,TBA,,,,534
,FI,12/08/2016,Th,8:00a-10:59a,TBA,TBA,,,,535
,FI,12/07/2016,W,11:30a-2:29p,TBA,TBA,,,,536
,FI,12/07/2016,W,11:30a-2:29p,TBA,TBA,,,,537
,FI,12/07/2016,W,11:30a-2:29p,TBA,TBA,,,,538
,FI,12/09/2016,F,11:30a-2:29p,TBA,TBA,,,,539
,FI,12/09/2016,F,11:30a-2:29p,TBA,TBA,,,,540
,FI,12/08/2016,Th,3:00p-5:59p,TBA,TBA,,,,541
,FI,12/08/2016,Th,3:00p-5:59p,TBA,TBA,,,,542
,FI,12/05/2016,M,3:00p-5:59p,TBA,TBA,,,,543
,FI,12/08/2016,Th,8:00a-10:59a,TBA,TBA,,,,544
,FI,12/07/2016,W,11:30a-2:29p,TBA,TBA,,,,545
,FI,12/09/2016,F,11:30a-2:29p,TBA,TBA,,,,546
,FI,12/08/2016,Th,3:00p-5:59p,TBA,TBA,,,,547
,FI,12/09/2016,F,7:00p-9:59p,TBA,TBA,,,,548
,FI,12/08/2016,Th,8:00a-10:59a,TBA,TBA,,,,549
,FI,12/07/2016,W,11:30a-2:29p,TBA,TBA,,,,550
,FI,12/09/2016,F,11:30a-2:29p,TBA,TBA,,,,551
,FI,12/08/2016,Th,3:00p-5:59p,TBA,TBA,,,,552
,FI,12/08/2016,Th,3:00p-5:59p,TBA,TBA,,,,553
,FI,12/07/2016,W,8:00a-10:59a,TBA,TBA,,,,555
,FI,12/06/2016,Tu,11:30a-2:29p,TBA,TBA,,,,557
,FI,12/07/2016,W,3:00p-5:59p,TBA,TBA,,,,558
,FI,12/07/2016,W,11:30a-2:29p,TBA,TBA,,,,564
,FI,12/08/2016,Th,3:00p-5:59p,TBA,TBA,,,,565
,FI,12/08/2016,Th,8:00a-10:59a,TBA,TBA,,,,568
,FI,12/07/2016,W,11:30a-2:29p,TBA,TBA,,,,577
,FI,12/09/2016,F,11:30a-2:29p,TBA,TBA,,,,578
,FI,12/08/2016,Th,3:00p-5:59p,TBA,TBA,,,,579
,FI,12/07/2016,W,11:30a-2:29p,TBA,TBA,,,,583
,FI,12/08/2016,Th,8:00a-10:59a,TBA,TBA,,,,589
,FI,12/09/2016,F,11:30a-2:29p,TBA,TBA,,,,590
,FI,12/08/2016,Th,8:00a-10:59a,TBA,TBA,,,,598
,FI,12/07/2016,W,11:30a-2:29p,TBA,TBA,,,,599
,FI,12/09/2016,F,11:30a-2:29p,TBA,TBA,,,,600
,FI,12/09/2016,F,11:30a-2:29p,TBA,TBA,,,,603
,FI,12/09/2016,F,11:30a-2:29p,TBA,TBA,,,,605
,FI,12/09/2016,F,8:00a-10:59a,TBA,TBA,,,,606
,FI,12/07/2016,W,11:30a-2:29p,TBA,TBA,,,,607
,FI,12/08/2016,Th,8:00a-10:59a,TBA,TBA,,,,609
,FI,12/08/2016,Th,8:00a-10:59a,TBA,TBA,,,,610
,FI,12/06/2016,Tu,11:30a-2:29p,TBA,TBA,,,,611
,FI,12/09/2016,F,8:00a-10:59a,TBA,TBA,,,,612
,FI,12/07/2016,W,11:30a-2:29p,TBA,TBA,,,,613
,FI,12/08/2016,Th,8:00a-10:59a,TBA,TBA,,,,614
,FI,12/05/2016,M,3:00p-5:59p,TBA,TBA,,,,615
,FI,12/08/2016,Th,8:00a-10:59a,TBA,TBA,,,,616
,FI,12/07/2016,W,3:00p-5:59p,TBA,TBA,,,,617
,FI,12/08/2016,Th,3:00p-5:59p,TBA,TBA,,,,618
,FI,12/09/2016,F,11:30a-2:29p,TBA,TBA,,,,619
,FI,12/07/2016,W,11:30a-2:29p,TBA,TBA,,,,620
,FI,12/08/2016,Th,8:00a-10:59a,TBA,TBA,,,,626
,FI,12/07/2016,W,11:30a-2:29p,TBA,TBA,,,,627
,FI,12/09/2016,F,11:30a-2:29p,TBA,TBA,,,,629
,FI,12/08/2016,Th,8:00a-10:59a,TBA,TBA,,,,633
,FI,12/09/2016,F,11:30a-2:29p,TBA,TBA,,,,634
,FI,12/08/2016,Th,3:00p-5:59p,TBA,TBA,,,,636
,FI,12/08/2016,Th,8:00a-10:59a,TBA,TBA,,,,644
,FI,12/07/2016,W,11:30a-2:29p,TBA,TBA,,,,645
,FI,12/05/2016,M,3:00p-5:59p,TBA,TBA,,,,646
,FI,12/09/2016,F,11:30a-2:29p,TBA,TBA,,,,650
,FI,12/09/2016,F,7:00p-9:59p,TBA,TBA,,,,651
,FI,12/08/2016,Th,3:00p-5:59p,TBA,TBA,,,,654
,FI,12/08/2016,Th,8:00a-10:59a,TBA,TBA,,,,662
,FI,12/07/2016,W,11:30a-2:29p,TBA,TBA,,,,663
,FI,12/09/2016,F,11:30a-2:29p,TBA,TBA,,,,664
,FI,12/08/2016,Th,8:00a-10:59a,TBA,TBA,,,,675
,FI,12/07/2016,W,11:30a-2:29p,TBA,TBA,,,,676
,FI,12/09/2016,F,11:30a-2:29p,TBA,TBA,,,,677
,FI,12/08/2016,Th,3:00p-5:59p,TBA,TBA,,,,678
,FI,12/05/2016,M,3:00p-5:59p,TBA,TBA,,,,679
,FI,12/06/2016,Tu,8:00a-10:59a,TBA,TBA,,,,695
,FI,12/08/2016,Th,8:00a-10:59a,TBA,TBA,,,,696
,FI,12/07/2016,W,11:30a-2:29p,TBA,TBA,,,,697
,FI,12/09/2016,F,11:30a-2:29p,TBA,TBA,,,,698
,FI,12/08/2016,Th,3:00p-5:59p,TBA,TBA,,,,699
,FI,12/05/2016,M,3:00p-5:59p,TBA,TBA,,,,700
,FI,12/09/2016,F,7:00p-9:59p,TBA,TBA,,,,701
,FI,12/06/2016,Tu,11:30a-2:29p,TBA,TBA,,,,702
,FI,12/08/2016,Th,11:30a-2:29p,TBA,TBA,,,,703
,FI,12/08/2016,Th,7:00p-9:59p,TBA,TBA,,,,704
,FI,12/07/2016,W,3:00p-5:59p,TBA,TBA,,,,705
,FI,12/09/2016,F,11:30a-2:29p,TBA,TBA,,,,708
,FI,12/06/2016,Tu,11:30a-2:29p,TBA,TBA,,,,710
,FI,12/08/2016,Th,8:00a-10:59a,TBA,TBA,,,,711
,FI,12/05/2016,M,11:30a-2:29p,TBA,TBA,,,,712
,FI,12/09/2016,F,11:30a-2:29p,TBA,TBA,,,,714
,FI,12/08/2016,Th,3:00p-5:59p,TBA,TBA,,,,716
,FI,12/05/2016,M,3:00p-5:59p,TBA,TBA,,,,717
,FI,12/06/2016,Tu,11:30a-2:29p,TBA,TBA,,,,718
,FI,12/07/2016,W,3:00p-5:59p,TBA,TBA,,,,719
,FI,12/06/2016,Tu,3:00p-5:59p,TBA,TBA,,,,720
,FI,12/09/2016,F,8:00a-10:59a,TBA,TBA,,,,721
,FI,12/07/2016,W,11:30a-2:29p,TBA,TBA,,,,722
,FI,12/09/2016,F,3:00p-5:59p,TBA,TBA,,,,723
,FI,12/05/2016,M,11:30a-2:29p,TBA,TBA,,,,724
,FI,12/07/2016,W,8:00a-10:59a,TBA,TBA,,,,725
,FI,12/03/2016,S,11:30a-2:29p,TBA,TBA,,,,726
,FI,12/03/2016,S,11:30a-2:29p,TBA,TBA,,,,727
,FI,12/07/2016,W,3:00p-5:59p,TBA,TBA,,,,728
,FI,12/09/2016,F,11:30a-2:29p,TBA,TBA,,,,729
,FI,12/07/2016,W,11:30a-2:29p,TBA,TBA,,,,730
,FI,12/05/2016,M,11:30a-2:29p,TBA,TBA,,,,731
,FI,12/09/2016,F,11:30a-2:29p,TBA,TBA,,,,732
,FI,12/07/2016,W,8:00a-10:59a,TBA,TBA,,,,733
,FI,12/06/2016,Tu,3:00p-5:59p,TBA,TBA,,,,734
,FI,12/08/2016,Th,11:30a-2:29p,TBA,TBA,,,,735
,FI,12/06/2016,Tu,11:30a-2:29p,TBA,TBA,,,,736
,FI,12/08/2016,Th,11:30a-2:29p,TBA,TBA,,,,737
,FI,12/05/2016,M,11:30a-2:29p,TBA,TBA,,,,738
,FI,12/07/2016,W,3:00p-5:59p,TBA,TBA,,,,739
,FI,12/09/2016,F,3:00p-5:59p,TBA,TBA,,,,740
,FI,12/06/2016,Tu,3:00p-5:59p,TBA,TBA,,,,741
,FI,12/06/2016,Tu,11:30a-2:29p,TBA,TBA,,,,742
,FI,12/08/2016,Th,11:30a-2:29p,TBA,TBA,,,,743
,FI,12/07/2016,W,3:00p-5:59p,TBA,TBA,,,,744
,FI,12/09/2016,F,3:00p-5:59p,TBA,TBA,,,,745
,FI,12/06/2016,Tu,11:30a-2:29p,TBA,TBA,,,,746
,FI,12/06/2016,Tu,3:00p-5:59p,TBA,TBA,,,,747
,FI,12/09/2016,F,8:00a-10:59a,TBA,TBA,,,,748
,FI,12/09/2016,F,3:00p-5:59p,TBA,TBA,,,,749
,FI,12/08/2016,Th,11:30a-2:29p,TBA,TBA,,,,750
,FI,12/07/2016,W,3:00p-5:59p,TBA,TBA,,,,751
,FI,12/07/2016,W,11:30a-2:29p,TBA,TBA,,,,752
,FI,12/09/2016,F,11:30a-2:29p,TBA,TBA,,,,753
,FI,12/08/2016,Th,3:00p-5:59p,TBA,TBA,,,,754
,FI,12/07/2016,W,8:00a-10:59a,TBA,TBA,,,,755
,FI,12/03/2016,S,7:00p-9:59p,TBA,TBA,,,,756
,FI,12/03/2016,S,7:00p-9:59p,TBA,TBA,,,,757
,FI,12/03/2016,S,7:00p-9:59p,TBA,TBA,,,,758
,FI,12/03/2016,S,7:00p-9:59p,TBA,TBA,,,,759
,FI,12/03/2016,S,7:00p-9:59p,TBA,TBA,,,,760
,FI,12/03/2016,S,7:00p-9:59p,TBA,TBA,,,,761
,FI,12/03/2016,S,7:00p-9:59p,TBA,TBA,,,,762
,FI,12/03/2016,S,7:00p-9:59p,TBA,TBA,,,,763
,FI,12/03/2016,S,7:00p-9:59p,TBA,TBA,,,,764
,FI,12/05/2016,M,11:30a-2:29p,TBA,TBA,,,,765
,FI,12/07/2016,W,11:30a-2:29p,TBA,TBA,,,,766
,FI,12/09/2016,F,8:00a-10:59a,TBA,TBA,,,,767
,FI,12/09/2016,F,11:30a-2:29p,TBA,TBA,,,,768
,FI,12/08/2016,Th,11:30a-2:29p,TBA,TBA,,,,769
,FI,12/05/2016,M,3:00p-5:59p,TBA,TBA,,,,770
,FI,12/08/2016,Th,7:00p-9:59p,TBA,TBA,,,,771
,FI,12/07/2016,W,3:00p-5:59p,TBA,TBA,,,,772
,FI,12/09/2016,F,3:00p-5:59p,TBA,TBA,,,,773
,FI,12/06/2016,Tu,3:00p-5:59p,TBA,TBA,,,,774
,FI,12/08/2016,Th,3:00p-5:59p,TBA,TBA,,,,775
,FI,12/06/2016,Tu,11:30a-2:29p,TBA,TBA,,,,776
,FI,12/05/2016,M,7:00p-9:59p,TBA,TBA,,,,777
,FI,12/08/2016,Th,7:00p-9:59p,TBA,TBA,,,,778
,FI,12/05/2016,M,7:00p-9:59p,TBA,TBA,,,,779
,FI,12/06/2016,Tu,7:00p-9:59p,TBA,TBA,,,,780
,FI,12/09/2016,F,11:30a-2:29p,TBA,TBA,,,,788
,FI,12/05/2016,M,11:30a-2:29p,TBA,TBA,,,,789
,FI,12/07/2016,W,3:00p-5:59p,TBA,TBA,,,,792
,FI,12/06/2016,Cancelled,Cancelled,Cancelled,Cancelled,Cancelled,Cancelled ,Cancelled,793
,FI,12/07/2016,W,11:30a-2:29p,TBA,TBA,,,,794
,FI,12/06/2016,Tu,8:00a-10:59a,TBA,TBA,,,,795
,FI,12/09/2016,F,3:00p-5:59p,TBA,TBA,,,,796
,FI,12/05/2016,M,3:00p-5:59p,TBA,TBA,,,,797
,FI,12/07/2016,W,11:30a-2:29p,TBA,TBA,,,,798
,FI,12/06/2016,Tu,7:00p-9:59p,TBA,TBA,,,,799
,FI,12/09/2016,F,8:00a-10:59a,TBA,TBA,,,,800
,FI,12/08/2016,Th,3:00p-5:59p,TBA,TBA,,,,803
,FI,12/07/2016,W,7:00p-9:59p,TBA,TBA,,,,804
,FI,12/09/2016,F,7:00p-9:59p,TBA,TBA,,,,805
,FI,12/07/2016,W,8:00a-10:59a,TBA,TBA,,,,806
,FI,12/09/2016,F,11:30a-2:29p,TBA,TBA,,,,807
,FI,12/08/2016,Th,8:00a-10:59a,TBA,TBA,,,,808
,FI,12/06/2016,Tu,7:00p-9:59p,TBA,TBA,,,,809
,FI,12/09/2016,F,11:30a-2:29p,TBA,TBA,,,,810
,FI,12/06/2016,Tu,8:00a-10:59a,TBA,TBA,,,,811
,FI,12/07/2016,W,7:00p-9:59p,TBA,TBA,,,,812
,FI,12/06/2016,Tu,8:00a-10:59a,TBA,TBA,,,,813
,FI,12/05/2016,M,3:00p-5:59p,TBA,TBA,,,,814
,FI,12/08/2016,Th,7:00p-9:59p,TBA,TBA,,,,815
,FI,12/08/2016,Th,7:00p-9:59p,TBA,TBA,,,,816
,FI,12/08/2016,Th,7:00p-9:59p,TBA,TBA,,,,817
,FI,12/06/2016,Tu,11:30a-2:29p,TBA,TBA,,,,819
,FI,12/09/2016,F,3:00p-5:59p,TBA,TBA,,,,820
,FI,12/07/2016,W,3:00p-5:59p,TBA,TBA,,,,821
,MI,10/20/2016,Th,8:00p-9:20p,SOLIS,107,,,,822
,MI,11/17/2016,Th,8:00p-9:20p,SOLIS,107,,,,822
,FI,12/03/2016,S,3:00p-5:59p,TBA,TBA,,,,822
,MI,10/20/2016,Th,8:00p-9:20p,PETER,110,,,,823
,MI,11/17/2016,Th,8:00p-9:20p,PETER,110,,,,823
,FI,12/03/2016,S,3:00p-6:00p,TBA,TBA,,,,823
,MI,10/20/2016,Th,8:00p-9:20p,PCYNH,109,,,,824
,MI,11/17/2016,Th,8:00p-9:20p,PCYNH,109,,,,824
,FI,12/03/2016,S,3:00p-5:59p,TBA,TBA,,,,824
,FI,12/05/2016,M,8:00a-10:59a,TBA,TBA,,,,825
,FI,12/05/2016,M,11:30a-2:29p,TBA,TBA,,,,826
,FI,12/07/2016,W,8:00a-10:59a,TBA,TBA,,,,827
,FI,12/05/2016,M,11:30a-2:29p,TBA,TBA,,,,828
,FI,12/06/2016,Tu,11:30a-2:29p,TBA,TBA,,,,829
,FI,12/09/2016,F,3:00p-5:59p,TBA,TBA,,,,830
,FI,12/05/2016,M,8:00a-10:59a,TBA,TBA,,,,831
,FI,12/05/2016,M,11:30a-2:29p,TBA,TBA,,,,832
,FI,12/08/2016,Th,11:30a-2:29p,TBA,TBA,,,,833
,FI,12/08/2016,Th,7:00p-9:59p,TBA,TBA,,,,834
,MI,10/20/2016,Th,8:00p-9:20p,GH,242,,,,835
,MI,11/17/2016,Th,8:00p-9:20p,YORK,2722,,,,835
,FI,12/03/2016,S,3:00p-5:59p,TBA,TBA,,,,835
,MI,10/20/2016,Th,8:00p-9:20p,YORK,2622,,,,836
,MI,11/17/2016,Th,8:00p-9:20p,PETER,108,,,,836
,FI,12/03/2016,S,3:00p-5:59p,TBA,TBA,,,,836
,MI,10/20/2016,Th,8:00p-9:20p,LEDDN,AUD,,,,837
,MI,11/17/2016,Th,8:00p-9:20p,LEDDN,AUD,,,,837
,FI,12/03/2016,S,3:00p-5:59p,TBA,TBA,,,,837
,MI,10/20/2016,Th,8:00p-9:20p,PCYNH,106,,,,838
,MI,11/17/2016,Th,8:00p-9:20p,PCYNH,106,,,,838
,FI,12/03/2016,S,3:00p-5:59p,TBA,TBA,,,,838
,FI,12/07/2016,W,8:00a-10:59a,TBA,TBA,,,,839
,FI,12/05/2016,M,7:00p-9:59p,TBA,TBA,,,,840
,FI,12/08/2016,Th,11:30a-2:29p,TBA,TBA,,,,841
,FI,12/09/2016,F,3:00p-5:59p,TBA,TBA,,,,842
,FI,12/06/2016,Tu,3:00p-5:59p,TBA,TBA,,,,843
,FI,12/05/2016,M,8:00a-10:59a,TBA,TBA,,,,844
,MI,10/18/2016,Tu,8:00p-8:50p,PETER,110,,,,845
,MI,11/15/2016,Tu,8:00p-8:50p,PETER,110,,,,845
,FI,12/09/2016,F,8:00a-10:59a,TBA,TBA,,,,845
,FI,12/08/2016,Th,11:30a-2:29p,TBA,TBA,,,,846
,FI,12/09/2016,F,3:00p-5:59p,TBA,TBA,,,,847
,FI,12/08/2016,Th,7:00p-9:59p,TBA,TBA,,,,848
,FI,12/05/2016,M,8:00a-10:59a,TBA,TBA,,,,849
,FI,12/07/2016,W,8:00a-10:59a,TBA,TBA,,,,850
,FI,12/09/2016,F,3:00p-5:59p,TBA,TBA,,,,851
,FI,12/06/2016,Tu,3:00p-5:59p,TBA,TBA,,,,852
,FI,12/06/2016,Tu,11:30a-2:29p,TBA,TBA,,,,853
,FI,12/06/2016,Tu,3:00p-5:59p,TBA,TBA,,,,854
,FI,12/05/2016,M,11:30a-2:29p,TBA,TBA,,,,855
,FI,12/05/2016,M,11:30a-2:29p,TBA,TBA,,,,857
,FI,12/06/2016,Tu,3:00p-5:59p,TBA,TBA,,,,858
,FI,12/07/2016,W,11:30a-2:29p,TBA,TBA,,,,859
,FI,12/05/2016,M,11:30a-2:29p,TBA,TBA,,,,860
,FI,12/06/2016,Tu,11:30a-2:29p,TBA,TBA,,,,861
,MI,10/18/2016,Tu,6:30p-7:20p,CENTR,109,,,,862
,MI,11/15/2016,Tu,6:30p-7:20p,CENTR,109,,,,862
,FI,12/06/2016,Tu,11:30a-2:29p,TBA,TBA,,,,862
,MI,10/19/2016,W,7:00p-8:50p,CSB,002,,,,863
,MI,11/09/2016,W,7:00p-8:50p,CSB,002,,,,863
,FI,12/05/2016,M,11:30a-2:29p,TBA,TBA,,,,863
,FI,12/09/2016,F,3:00p-5:59p,TBA,TBA,,,,864
,FI,12/09/2016,F,8:00a-10:59a,TBA,TBA,,,,865
,FI,12/07/2016,W,8:00a-10:59a,TBA,TBA,,,,866
,FI,12/09/2016,F,3:00p-5:59p,TBA,TBA,,,,867
,FI,12/08/2016,Th,11:30a-2:29p,TBA,TBA,,,,868
,FI,12/07/2016,W,3:00p-5:59p,TBA,TBA,,,,869
,FI,12/07/2016,W,8:00a-10:59a,TBA,TBA,,,,870
,FI,12/07/2016,W,3:00p-5:59p,TBA,TBA,,,,871
,FI,12/07/2016,W,3:00p-5:59p,TBA,TBA,,,,872
,FI,12/07/2016,W,11:30a-2:29p,TBA,TBA,,,,873
,FI,12/07/2016,W,11:30a-2:29p,TBA,TBA,,,,874
,FI,12/07/2016,W,8:00a-10:59a,TBA,TBA,,,,875
,FI,12/05/2016,M,11:30a-2:29p,TBA,TBA,,,,876
,FI,12/06/2016,Tu,3:00p-5:59p,TBA,TBA,,,,877
,FI,12/06/2016,Tu,3:00p-5:59p,TBA,TBA,,,,878
,FI,12/09/2016,F,3:00p-5:59p,TBA,TBA,,,,879
,FI,12/07/2016,W,3:00p-5:59p,TBA,TBA,,,,934
,FI,12/07/2016,W,11:30a-2:29p,TBA,TBA,,,,935
,FI,12/09/2016,F,11:30a-2:29p,TBA,TBA,,,,936
,FI,12/07/2016,W,11:30a-2:29p,TBA,TBA,,,,937
,FI,12/08/2016,Th,8:00a-10:59a,TBA,TBA,,,,938
,FI,12/08/2016,Th,3:00p-5:59p,TBA,TBA,,,,939
,FI,12/08/2016,Th,8:00a-10:59a,TBA,TBA,,,,944
,FI,12/07/2016,W,11:30a-2:29p,TBA,TBA,,,,945
,FI,12/08/2016,Th,8:00a-10:59a,TBA,TBA,,,,946
,FI,12/07/2016,W,11:30a-2:29p,TBA,TBA,,,,947
,FI,12/08/2016,Th,7:00p-9:59p,TBA,TBA,,,,952
,FI,12/08/2016,Th,8:00a-10:59a,TBA,TBA,,,,953
,FI,12/07/2016,W,11:30a-2:29p,TBA,TBA,,,,954
,FI,12/09/2016,F,11:30a-2:29p,TBA,TBA,,,,955
,FI,12/05/2016,M,7:00p-9:59p,TBA,TBA,,,,956
,FI,12/06/2016,Tu,7:00p-9:59p,TBA,TBA,,,,957
,FI,12/05/2016,M,7:00p-9:59p,TBA,TBA,,,,958
,FI,12/07/2016,W,3:00p-5:59p,TBA,TBA,,,,973
,FI,12/07/2016,W,8:00a-10:59a,TBA,TBA,,,,986
,FI,12/08/2016,Th,8:00a-10:59a,TBA,TBA,,,,987
,FI,12/07/2016,W,3:00p-5:59p,TBA,TBA,,,,988
,FI,12/08/2016,Th,11:30a-2:29p,TBA,TBA,,,,990
,FI,12/07/2016,W,11:30a-2:29p,TBA,TBA,,,,991
,FI,12/06/2016,Tu,7:00p-9:59p,TBA,TBA,,,,992
,FI,12/08/2016,Th,3:00p-5:59p,TBA,TBA,,,,993
,FI,12/09/2016,F,11:30a-2:29p,TBA,TBA,,,,1009
,FI,12/05/2016,M,3:00p-5:59p,TBA,TBA,,,,1011
,FI,12/08/2016,Th,8:00a-10:59a,TBA,TBA,,,,1016
,FI,12/07/2016,W,11:30a-2:29p,TBA,TBA,,,,1017
,FI,12/08/2016,Th,3:00p-5:59p,TBA,TBA,,,,1018
,FI,12/09/2016,F,8:00a-10:59a,TBA,TBA,,,,1020
,FI,12/08/2016,Th,8:00a-10:59a,TBA,TBA,,,,1021
,FI,12/09/2016,F,3:00p-5:59p,TBA,TBA,,,,1022
,FI,12/05/2016,M,3:00p-5:59p,TBA,TBA,,,,1023
,FI,12/08/2016,Th,8:00a-10:59a,TBA,TBA,,,,1024
,FI,12/07/2016,W,11:30a-2:29p,TBA,TBA,,,,1025
,FI,12/08/2016,Th,3:00p-5:59p,TBA,TBA,,,,1026
,FI,12/07/2016,W,11:30a-2:29p,TBA,TBA,,,,1027
,FI,12/09/2016,F,11:30a-2:29p,TBA,TBA,,,,1028
,FI,12/05/2016,M,3:00p-5:59p,TBA,TBA,,,,1029
,FI,12/08/2016,Th,7:00p-9:59p,TBA,TBA,,,,1030
,FI,12/07/2016,W,11:30a-2:29p,TBA,TBA,,,,1031
,FI,12/06/2016,Tu,3:00p-5:59p,TBA,TBA,,,,1032
,FI,12/08/2016,Th,7:00p-9:59p,TBA,TBA,,,,1033
,FI,12/08/2016,Th,11:30a-2:29p,TBA,TBA,,,,1034
,FI,12/09/2016,F,8:00a-10:59a,TBA,TBA,,,,1035
,FI,12/09/2016,F,7:00p-9:59p,TBA,TBA,,,,1036
,FI,12/06/2016,Tu,11:30a-2:29p,TBA,TBA,,,,1037
,FI,12/08/2016,Th,7:00p-9:59p,TBA,TBA,,,,1038
,FI,12/09/2016,F,7:00p-9:59p,TBA,TBA,,,,1040
,FI,12/05/2016,M,3:00p-5:59p,TBA,TBA,,,,1041
,FI,12/05/2016,M,3:00p-5:59p,TBA,TBA,,,,1043
,FI,12/05/2016,M,11:30a-2:29p,TBA,TBA,,,,1044
,FI,12/05/2016,M,11:30a-2:29p,TBA,TBA,,,,1045
,FI,12/05/2016,M,3:00p-5:59p,TBA,TBA,,,,1046
,FI,12/08/2016,Th,8:00a-10:59a,TBA,TBA,,,,1047
,FI,12/09/2016,F,8:00a-10:59a,TBA,TBA,,,,1048
,FI,12/08/2016,Th,11:30a-2:29p,TBA,TBA,,,,1049
,FI,12/05/2016,M,11:30a-2:29p,TBA,TBA,,,,1050
,FI,12/09/2016,F,3:00p-5:59p,TBA,TBA,,,,1051
,FI,12/05/2016,M,7:00p-9:59p,TBA,TBA,,,,1092
,FI,12/07/2016,W,7:00p-9:59p,TBA,TBA,,,,1100
,FI,12/06/2016,Tu,11:30a-2:29p,TBA,TBA,,,,1109
,FI,12/07/2016,W,11:30a-2:29p,TBA,TBA,,,,1110
,FI,12/06/2016,Tu,3:00p-5:59p,TBA,TBA,,,,1112
,FI,12/08/2016,Th,3:00p-5:59p,TBA,TBA,,,,1113
,FI,12/08/2016,Th,8:00a-10:59a,TBA,TBA,,,,1116
,FI,12/09/2016,F,11:30a-2:29p,TBA,TBA,,,,1117
,FI,12/08/2016,Th,3:00p-5:59p,TBA,TBA,,,,1118
,FI,12/07/2016,W,3:00p-5:59p,TBA,TBA,,,,1119
,FI,12/08/2016,Th,8:00a-10:59a,TBA,TBA,,,,1123
,FI,12/06/2016,Tu,8:00a-10:59a,TBA,TBA,,,,1124
,FI,12/09/2016,F,8:00a-10:59a,TBA,TBA,,,,1125
,FI,12/06/2016,Tu,11:30a-2:29p,TBA,TBA,,,,1127
,FI,12/08/2016,Th,11:30a-2:29p,TBA,TBA,,,,1128
,FI,12/07/2016,W,8:00a-10:59a,TBA,TBA,,,,1129
,FI,12/07/2016,W,3:00p-5:59p,TBA,TBA,,,,1130
,FI,12/07/2016,W,11:30a-2:29p,TBA,TBA,,,,1131
,FI,12/06/2016,Tu,11:30a-2:29p,TBA,TBA,,,,1133
,FI,12/06/2016,Tu,11:30a-2:29p,TBA,TBA,,,,1134
,FI,12/09/2016,F,8:00a-10:59a,TBA,TBA,,,,1135
,FI,12/08/2016,Th,11:30a-2:29p,TBA,TBA,,,,1136
,FI,12/08/2016,Th,11:30a-2:29p,TBA,TBA,,,,1137
,FI,12/09/2016,F,3:00p-5:59p,TBA,TBA,,,,1139
,FI,12/07/2016,W,11:30a-2:29p,TBA,TBA,,,,1140
,FI,12/05/2016,M,11:30a-2:29p,TBA,TBA,,,,1141
,FI,12/09/2016,F,7:00p-9:59p,TBA,TBA,,,,1142
,FI,12/08/2016,Th,8:00a-10:59a,TBA,TBA,,,,1143
,FI,12/08/2016,Th,7:00p-9:59p,TBA,TBA,,,,1144
,FI,12/09/2016,F,7:00p-9:59p,TBA,TBA,,,,1145
,FI,12/09/2016,F,7:00p-9:59p,TBA,TBA,,,,1146
,FI,12/09/2016,F,7:00p-9:59p,TBA,TBA,,,,1147
,FI,12/08/2016,Th,11:30a-2:29p,TBA,TBA,,,,1148
,FI,12/05/2016,M,11:30a-2:29p,TBA,TBA,,,,1149
,FI,12/09/2016,F,3:00p-5:59p,TBA,TBA,,,,1150
,FI,12/09/2016,F,7:00p-9:59p,TBA,TBA,,,,1151
,FI,12/05/2016,M,3:00p-5:59p,TBA,TBA,,,,1152
,FI,12/09/2016,F,8:00a-10:59a,TBA,TBA,,,,1153
,FI,12/09/2016,F,8:00a-10:59a,TBA,TBA,,,,1154
,FI,12/08/2016,Th,8:00a-10:59a,TBA,TBA,,,,1155
,FI,12/07/2016,W,3:00p-5:59p,TBA,TBA,,,,1156
,FI,12/08/2016,Th,8:00a-10:59a,TBA,TBA,,,,1157
,FI,12/05/2016,M,3:00p-5:59p,TBA,TBA,,,,1158
,FI,12/05/2016,M,11:30a-2:29p,TBA,TBA,,,,1164
,FI,12/07/2016,W,3:00p-5:59p,TBA,TBA,,,,1165
,FI,12/08/2016,Th,11:30a-2:29p,TBA,TBA,,,,1166
,FI,12/09/2016,F,3:00p-5:59p,TBA,TBA,,,,1167
,FI,12/09/2016,F,11:30a-2:29p,TBA,TBA,,,,1168
,FI,12/08/2016,Th,3:00p-5:59p,TBA,TBA,,,,1169
,FI,12/05/2016,M,3:00p-5:59p,TBA,TBA,,,,1171
,FI,12/08/2016,Th,8:00a-10:59a,TBA,TBA,,,,1172
,FI,12/08/2016,Th,3:00p-5:59p,TBA,TBA,,,,1173
,FI,12/09/2016,F,8:00a-10:59a,TBA,TBA,,,,1174
,FI,12/08/2016,Th,3:00p-5:59p,TBA,TBA,,,,1177
,FI,12/08/2016,Th,7:00p-9:59p,TBA,TBA,,,,1178
,FI,12/08/2016,Th,7:00p-9:59p,TBA,TBA,,,,1179
,FI,12/09/2016,F,11:30a-2:29p,TBA,TBA,,,,1180
,FI,12/07/2016,W,8:00a-10:59a,TBA,TBA,,,,1181
,FI,12/08/2016,Th,8:00a-10:59a,TBA,TBA,,,,1182
,FI,12/06/2016,Tu,11:30a-2:29p,TBA,TBA,,,,1183
,FI,12/09/2016,F,7:00p-9:59p,TBA,TBA,,,,1184
,FI,12/07/2016,W,11:30a-2:29p,TBA,TBA,,,,1185
,FI,12/09/2016,F,8:00a-10:59a,TBA,TBA,,,,1186
,FI,12/08/2016,Th,11:30a-2:29p,TBA,TBA,,,,1187
,FI,12/06/2016,Tu,3:00p-5:59p,TBA,TBA,,,,1188
,FI,12/08/2016,Th,7:00p-9:59p,TBA,TBA,,,,1189
,FI,12/06/2016,Tu,7:00p-9:59p,TBA,TBA,,,,1190
,FI,12/05/2016,M,11:30a-2:29p,TBA,TBA,,,,1192
,FI,12/07/2016,W,11:30a-2:29p,TBA,TBA,,,,1193
,FI,12/05/2016,M,3:00p-5:59p,TBA,TBA,,,,1195
,FI,12/06/2016,Tu,11:30a-2:29p,TBA,TBA,,,,1196
,FI,12/05/2016,M,7:00p-9:59p,TBA,TBA,,,,1203
,FI,12/08/2016,Th,8:00a-10:59a,TBA,TBA,,,,1204
,FI,12/09/2016,F,7:00p-9:59p,TBA,TBA,,,,1205
,FI,12/08/2016,Th,7:00p-9:59p,TBA,TBA,,,,1206
,FI,12/08/2016,Th,3:00p-5:59p,TBA,TBA,,,,1207
,FI,12/05/2016,M,3:00p-5:59p,TBA,TBA,,,,1208
,FI,12/08/2016,Th,7:00p-9:59p,TBA,TBA,,,,1209
,FI,12/09/2016,F,11:30a-2:29p,TBA,TBA,,,,1210
,FI,12/08/2016,Th,8:00a-10:59a,TBA,TBA,,,,1211
,FI,12/08/2016,Th,3:00p-5:59p,TBA,TBA,,,,1212
,FI,12/08/2016,Th,7:00p-9:59p,TBA,TBA,,,,1213
,FI,12/07/2016,W,11:30a-2:29p,TBA,TBA,,,,1214
,FI,12/05/2016,M,3:00p-5:59p,TBA,TBA,,,,1215
,FI,12/07/2016,W,11:30a-2:29p,TBA,TBA,,,,1216
,FI,12/09/2016,F,11:30a-2:29p,TBA,TBA,,,,1217
,FI,12/06/2016,Tu,11:30a-2:29p,TBA,TBA,,,,1218
,FI,12/08/2016,Th,7:00p-9:59p,TBA,TBA,,,,1219
,FI,12/08/2016,Th,3:00p-5:59p,TBA,TBA,,,,1220
,FI,12/05/2016,M,3:00p-5:59p,TBA,TBA,,,,1221
,FI,12/07/2016,W,3:00p-5:59p,TBA,TBA,,,,1222
,FI,12/05/2016,M,8:00a-10:59a,TBA,TBA,,,,1223
,FI,12/08/2016,Th,8:00a-10:59a,TBA,TBA,,,,1224
,FI,12/09/2016,F,3:00p-5:59p,TBA,TBA,,,,1225
,FI,12/09/2016,F,3:00p-5:59p,TBA,TBA,,,,1226
,FI,12/08/2016,Th,7:00p-9:59p,TBA,TBA,,,,1227
,FI,12/06/2016,Tu,8:00a-10:59a,TBA,TBA,,,,1228
,FI,12/09/2016,F,11:30a-2:29p,TBA,TBA,,,,1229
,FI,12/08/2016,Th,7:00p-9:59p,TBA,TBA,,,,1230
,FI,12/08/2016,Th,3:00p-5:59p,TBA,TBA,,,,1231
,FI,12/09/2016,F,11:30a-2:29p,TBA,TBA,,,,1232
,FI,12/07/2016,W,11:30a-2:29p,TBA,TBA,,,,1233
,FI,12/09/2016,F,7:00p-9:59p,TBA,TBA,,,,1234
,FI,12/07/2016,W,8:00a-10:59a,TBA,TBA,,,,1235
,FI,12/08/2016,Th,8:00a-10:59a,TBA,TBA,,,,1236
,FI,12/07/2016,W,11:30a-2:29p,TBA,TBA,,,,1237
,FI,12/08/2016,Th,3:00p-5:59p,TBA,TBA,,,,1238
,FI,12/05/2016,M,3:00p-5:59p,TBA,TBA,,,,1239
,FI,12/09/2016,F,7:00p-9:59p,TBA,TBA,,,,1240
,FI,12/08/2016,Th,7:00p-9:59p,TBA,TBA,,,,1241
,FI,12/09/2016,F,7:00p-9:59p,TBA,TBA,,,,1242
,FI,12/08/2016,Th,11:30a-2:29p,TBA,TBA,,,,1243
,FI,12/09/2016,F,7:00p-9:59p,TBA,TBA,,,,1244
,FI,12/08/2016,Th,7:00p-9:59p,TBA,TBA,,,,1245
,FI,12/07/2016,W,8:00a-10:59a,TBA,TBA,,,,1246
,FI,12/08/2016,Th,8:00a-10:59a,TBA,TBA,,,,1249
,FI,12/06/2016,Tu,7:00p-9:59p,TBA,TBA,,,,1250
,FI,12/07/2016,W,11:30a-2:29p,TBA,TBA,,,,1251
,FI,12/09/2016,F,11:30a-2:29p,TBA,TBA,,,,1252
,FI,12/07/2016,W,11:30a-2:29p,TBA,TBA,,,,1253
,FI,12/07/2016,W,3:00p-5:59p,TBA,TBA,,,,1254
,FI,12/06/2016,Tu,11:30a-2:29p,TBA,TBA,,,,1255
,FI,12/05/2016,M,11:30a-2:29p,TBA,TBA,,,,1256
,FI,12/06/2016,Tu,11:30a-2:29p,TBA,TBA,,,,1257
,FI,12/06/2016,Tu,7:00p-9:59p,TBA,TBA,,,,1259
,FI,12/06/2016,Tu,8:00a-10:59a,TBA,TBA,,,,1260
,FI,12/08/2016,Th,11:30a-2:29p,TBA,TBA,,,,1261
,FI,12/09/2016,F,3:00p-5:59p,TBA,TBA,,,,1262
,FI,12/07/2016,W,3:00p-5:59p,TBA,TBA,,,,1264
,FI,12/06/2016,Tu,11:30a-2:29p,TBA,TBA,,,,1265
,FI,12/07/2016,W,3:00p-5:59p,TBA,TBA,,,,1266
,FI,12/08/2016,Th,3:00p-5:59p,TBA,TBA,,,,1271
,FI,12/06/2016,Tu,11:30a-2:29p,TBA,TBA,,,,1273
,FI,12/09/2016,F,11:30a-2:29p,TBA,TBA,,,,1274
,FI,12/09/2016,F,3:00p-5:59p,TBA,TBA,,,,1275
,FI,12/05/2016,M,11:30a-2:29p,TBA,TBA,,,,1276
,FI,12/08/2016,Th,8:00a-10:59a,TBA,TBA,,,,1277
,FI,12/07/2016,W,8:00a-10:59a,TBA,TBA,,,,1278
,FI,12/07/2016,W,11:30a-2:29p,TBA,TBA,,,,1280
,FI,12/05/2016,M,3:00p-5:59p,TBA,TBA,,,,1283
,FI,12/07/2016,W,11:30a-2:29p,TBA,TBA,,,,1284
,FI,12/06/2016,Tu,11:30a-2:29p,TBA,TBA,,,,1287
,FI,12/08/2016,Th,8:00a-10:59a,TBA,TBA,,,,1288
,FI,12/07/2016,W,8:00a-10:59a,TBA,TBA,,,,1289
,FI,12/06/2016,Tu,11:30a-2:29p,TBA,TBA,,,,1291
,FI,12/07/2016,W,11:30a-2:29p,TBA,TBA,,,,1292
,FI,12/09/2016,F,7:00p-9:59p,TBA,TBA,,,,1293
,FI,12/08/2016,Th,8:00a-10:59a,TBA,TBA,,,,1294
,FI,12/05/2016,M,3:00p-5:59p,TBA,TBA,,,,1295
,FI,12/08/2016,Th,7:00p-9:59p,TBA,TBA,,,,1296
,FI,12/09/2016,F,8:00a-10:59a,TBA,TBA,,,,1297
,FI,12/08/2016,Th,3:00p-5:59p,TBA,TBA,,,,1298
,FI,12/06/2016,Tu,8:00a-10:59a,TBA,TBA,,,,1299
,FI,12/06/2016,Tu,8:00a-10:59a,TBA,TBA,,,,1301
,FI,12/09/2016,F,8:00a-10:59a,TBA,TBA,,,,1302
,FI,12/06/2016,Tu,8:00a-10:59a,TBA,TBA,,,,1304
,FI,12/08/2016,Th,3:00p-5:59p,TBA,TBA,,,,1305
,FI,12/09/2016,F,7:00p-9:59p,TBA,TBA,,,,1306
,FI,12/05/2016,M,3:00p-5:59p,TBA,TBA,,,,1307
,FI,12/08/2016,Th,7:00p-9:59p,TBA,TBA,,,,1308
,FI,12/07/2016,W,8:00a-10:59a,TBA,TBA,,,,1309
,FI,12/09/2016,F,11:30a-2:29p,TBA,TBA,,,,1310
,FI,12/09/2016,F,7:00p-9:59p,TBA,TBA,,,,1311
,FI,12/08/2016,Th,8:00a-10:59a,TBA,TBA,,,,1312
,FI,12/06/2016,Tu,11:30a-2:29p,TBA,TBA,,,,1313
,FI,12/07/2016,W,11:30a-2:29p,TBA,TBA,,,,1315
,FI,12/05/2016,M,11:30a-2:29p,TBA,TBA,,,,1316
,FI,12/06/2016,Tu,11:30a-2:29p,TBA,TBA,,,,1317
,FI,12/08/2016,Th,8:00a-10:59a,TBA,TBA,,,,1318
,FI,12/05/2016,M,11:30a-2:29p,TBA,TBA,,,,1350
,FI,12/08/2016,Th,11:30a-2:29p,TBA,TBA,,,,1356
,FI,12/05/2016,M,11:30a-2:29p,TBA,TBA,,,,1357
,FI,12/05/2016,M,7:00p-9:59p,TBA,TBA,,,,1358
,FI,12/06/2016,Tu,7:00p-9:59p,TBA,TBA,,,,1359
,FI,12/06/2016,Tu,8:00a-10:59a,TBA,TBA,,,,1360
,FI,12/06/2016,Tu,8:00a-10:59a,TBA,TBA,,,,1361
,FI,12/07/2016,W,11:30a-2:29p,TBA,TBA,,,,1362
,FI,12/05/2016,M,3:00p-5:59p,TBA,TBA,,,,1363
,FI,12/08/2016,Th,3:00p-5:59p,TBA,TBA,,,,1364
,FI,12/05/2016,M,3:00p-5:59p,TBA,TBA,,,,1365
,FI,12/08/2016,Th,8:00a-10:59a,TBA,TBA,,,,1367
,FI,12/06/2016,Tu,11:30a-2:29p,TBA,TBA,,,,1369
,FI,12/08/2016,Th,8:00a-10:59a,TBA,TBA,,,,1370
,FI,12/05/2016,M,8:00a-10:59a,TBA,TBA,,,,1372
,FI,12/06/2016,Tu,8:00a-10:59a,TBA,TBA,,,,1373
,FI,12/05/2016,M,8:00a-10:59a,TBA,TBA,,,,1374
,FI,12/09/2016,F,8:00a-10:59a,TBA,TBA,,,,1375
,FI,12/06/2016,Tu,8:00a-10:59a,TBA,TBA,,,,1376
,FI,12/10/2016,S,8:00a-10:59a,TBA,TBA,,,,1377
,FI,12/06/2016,Tu,8:00a-10:59a,TBA,TBA,,,,1378
,FI,12/10/2016,S,8:00a-10:59a,TBA,TBA,,,,1379
,FI,12/09/2016,F,8:00a-10:59a,TBA,TBA,,,,1382
,FI,12/08/2016,Th,11:30a-2:29p,TBA,TBA,,,,1385
,FI,12/06/2016,Tu,3:00p-5:59p,TBA,TBA,,,,1387
,FI,12/09/2016,F,8:00a-10:59a,TBA,TBA,,,,1388
,FI,12/09/2016,F,11:30a-2:29p,TBA,TBA,,,,1403
,FI,12/07/2016,W,3:00p-5:59p,TBA,TBA,,,,1411
,FI,12/07/2016,W,11:30a-2:29p,TBA,TBA,,,,1420
,FI,12/08/2016,Th,8:00a-10:59a,TBA,TBA,,,,1421
,FI,12/09/2016,F,11:30a-2:29p,TBA,TBA,,,,1422
,FI,12/06/2016,Tu,8:00a-10:59a,TBA,TBA,,,,1423
,FI,12/08/2016,Th,8:00a-10:59a,TBA,TBA,,,,1424
,FI,12/09/2016,F,11:30a-2:29p,TBA,TBA,,,,1426
,FI,12/08/2016,Th,8:00a-10:59a,TBA,TBA,,,,1427
,FI,12/08/2016,Th,8:00a-10:59a,TBA,TBA,,,,1428
,FI,12/09/2016,F,7:00p-9:59p,TBA,TBA,,,,1429
,FI,12/08/2016,Th,7:00p-9:59p,TBA,TBA,,,,1431
,FI,12/07/2016,W,3:00p-5:59p,TBA,TBA,,,,1433
,FI,12/05/2016,M,8:00a-10:59a,TBA,TBA,,,,1440
,FI,12/08/2016,Th,11:30a-2:29p,TBA,TBA,,,,1441
,FI,12/09/2016,F,7:00p-9:59p,TBA,TBA,,,,1442
,FI,12/08/2016,Th,7:00p-9:59p,TBA,TBA,,,,1443
,LA,A03,W,12:00p-2:50p,MANDE,B111E,,,,1445
,LA,A04,F,12:00p-2:50p,MCC,222,,,,1445
,LA,A05,Tu,3:30p-6:20p,MCC,222,,,,1445
,LA,A06,Th,3:30p-6:20p,MCC,222,,,,1445
,FI,12/08/2016,Th,7:00p-9:59p,TBA,TBA,,,,1445
,FI,12/09/2016,F,7:00p-9:59p,TBA,TBA,,,,1446
,FI,12/05/2016,M,3:00p-5:59p,TBA,TBA,,,,1448
,FI,12/09/2016,F,11:30a-2:29p,TBA,TBA,,,,1453
,FI,12/08/2016,Th,8:00a-10:59a,TBA,TBA,,,,1454
,FI,12/09/2016,F,7:00p-9:59p,TBA,TBA,,,,1455
,FI,12/09/2016,F,3:00p-5:59p,TBA,TBA,,,,1456
,FI,12/07/2016,W,11:30a-2:29p,TBA,TBA,,,,1457
,FI,12/05/2016,M,3:00p-5:59p,TBA,TBA,,,,1458
,FI,12/07/2016,W,7:00p-9:59p,TBA,TBA,,,,1461
,FI,12/08/2016,Th,3:00p-5:59p,TBA,TBA,,,,1462
,FI,12/08/2016,Th,11:30a-2:29p,TBA,TBA,,,,1463
,FI,12/08/2016,Th,8:00a-10:59a,TBA,TBA,,,,1464
,FI,12/08/2016,Th,8:00a-10:59a,TBA,TBA,,,,1467
,FI,12/09/2016,F,11:30a-2:29p,TBA,TBA,,,,1468
,FI,12/05/2016,M,3:00p-5:59p,TBA,TBA,,,,1469
,FI,12/07/2016,W,8:00a-10:59a,TBA,TBA,,,,1470
,FI,12/09/2016,F,3:00p-5:59p,TBA,TBA,,,,1471
